{"cameraMode":{"drawMode":0,"name":"Shaded","section":"Shading Mode"},"sceneLighting":false,"audioPlay":false,"sceneViewState":{"showFog":true,"showMaterialUpdate":false,"showSkybox":false,"showFlares":true,"showImageEffects":true,"showParticleSystems":true},"in2DMode":false,"pivot":{"x":0.039999961853027347,"y":2.049999952316284,"z":8.109999656677246},"rotation":{"x":-0.25745946168899538,"y":0.68593430519104,"z":-0.285780131816864,"w":-0.6177716255187988},"size":2.680954694747925,"orthographic":false}