{"cameraMode":{"drawMode":0,"name":"Shaded","section":"Shading Mode"},"sceneLighting":true,"audioPlay":false,"sceneViewState":{"showFog":true,"showMaterialUpdate":false,"showSkybox":true,"showFlares":true,"showImageEffects":true,"showParticleSystems":true},"in2DMode":false,"pivot":{"x":3.1304664611816408,"y":10.072514533996582,"z":35.3263053894043},"rotation":{"x":-0.19437067210674287,"y":0.6971410512924194,"z":-0.20556558668613435,"w":-0.6588405966758728},"size":11.901333808898926,"orthographic":false}